2017-6-20,10:45:39,DEV,dfsgdfg
2017-6-20,10:45:40,DEV,dfsgdfg
2017-6-20,10:45:40,DEV,dfsgdfg
2017-6-20,10:45:41,DEV,dfsgdfg
2017-6-20,10:45:41,DEV,dfsgdfg
2017-6-20,10:45:41,DEV,dfsgdfg
2017-6-20,10:45:41,DEV,dfsgdfg
2017-6-20,10:45:42,DEV,dfsgdfg
2017-6-20,10:45:42,DEV,dfsgdfg
2017-6-20,10:45:42,DEV,dfsgdfg
2017-6-20,10:45:42,DEV,dfsgdfg
2017-6-20,10:45:42,DEV,dfsgdfg
2017-6-20,10:45:43,DEV,dfsgdfg
2017-6-20,10:45:43,DEV,dfsgdfg
2017-6-20,10:45:43,DEV,dfsgdfg
2017-6-20,10:45:44,DEV,dfsgdfg
2017-6-20,10:45:44,DEV,dfsgdfg
2017-6-20,10:45:44,DEV,dfsgdfg
2017-6-20,10:45:44,DEV,dfsgdfg
2017-6-20,10:45:44,DEV,dfsgdfg
2017-6-20,10:45:44,DEV,dfsgdfg
2017-6-20,10:45:45,DEV,dfsgdfg
2017-6-20,10:45:45,DEV,dfsgdfg
2017-6-20,10:45:45,DEV,dfsgdfg
